Uni,Description,Topic
accounting,accounting supplie quantitative information essential management decision-making control well wide variety tax consulting service information management' effective use organization' resources, business
accounting, help prepare student career public industrial governmental accounting also provide appropriate background those planning enter law school graduate school, business
accounting, public accounting i carried by independent practitioners most whom certified public accountants, business
actuarial science,an actuary i busines professional use mathematical skill define analyze solve busines social problems, mathematical sciences
actuarial science, actuarie generally employed life health casualty insurance companies consulting firms government, mathematical sciences
advertising,the advertising  attempt explain why businesse other use advertising form communication how advertising affect mas media how advertising i used by consumer making buying decisions how advertising i controlled regulated what effect advertising ha economy, communication arts
advertising, people work advertising include artists statisticians writers psychologists sale people researchers designers managers accountants planners analysts others, communication arts
agriculture,agricultural graduate important link chain provide people safe abundant food supply, environmental resource management
agriculture, student focu their studie animal production field crop management fruit vegetable crops management turf management business, environmental resource management
agricultural and biological engineering,thi  help prepare student career involving application engineering principle agricultural biological production systems processing systems conservation land water resources, engineering
agricultural and biological engineering, curriculum include food engineering postharvest handling processing commodities power machinery development applications resource management utilization soil water management structure their environmental modifications, engineering
agricultural and biological engineering," 
            career graduate include design development research engineering position involving food processing machinery development irrigation drainage soil water conservation material handling structural system animals plants crop storage", engineering
agricultural and biological engineering, agricultural biological engineer employed industry consulting firms governmental agencie united state abroad, engineering
agricultural and biological engineering, graduate deal variou engineering aspect associated production processing food fiber other biological materials within constraint environmental protection natural resource conservation, engineering
agricultural business management,the curriculum emphasize using concept method economic busines management identifying analyzing solving management problem related agriculture natural resources economic development, agribusines economics
agricultural business management, program provide balance between applied economic busines management studies limited amount applied science, agribusines economics
agricultural business management, example employment area include finance banking management input commodity food marketing sales administration public industrial relations production management economic statistical analysis managerial accounting management information systems transportation, agribusines economics
agriculture economics,the undergraduate program provide student tool apply general economic everyday agricultural businesses, agribusines economics
agriculture economics, employment opportunitie involve area management sales finance government public relation personnel, agribusines economics
agriculture economics, graduate also pursue career farm sector owner operator managers, agribusines economics
agriculture economics, beyond identified career areas graduate ofprogram complete advanced degree discipline busines law schools, agribusines economics
animal bioscience,thi  provide strong background those biological physical science underlying contemporary animal agriculture establishe sound foundation graduate-level study animal related sciences, food-life science
animal bioscience, discipline include animal behavior genetics nutrition physiology, food-life science
animal bioscience,"
            purpose animal bioscience  i prepare student admission veterinary school and/or entry into graduate program animal biosciences", food-life science
animal bioscience, student prepare graduate program genetics nutrition microbiology animal sciences physiology biochemistry others, food-life science
animal sciences,animal science defined study integration all discipline relate function care animal benefit humankind by providing companionship food fiber research, food-life science
animal sciences, animal science  include reference all type animals, food-life science
animal sciences,"
            educational experience included should prepare student wide range entry-level position production agriculture agribusiness allied industries well provide preparation pursuit post-baccalaureate studie leading professional advanced degrees", food-life science
animal sciences, student i expected develop comprehensive understanding biological physical science underlying functioning all type animals, food-life science
anthropology,anthropology student study culture cultural diversity throughout world, social science
anthropology, field i classically divided into four areas social anthropology study contemporary societies archaeology study material remain past societies linguistics study structure principle language physical anthropology study human evolution biological diversity, social science
anthropology,"
            after graduating some anthropology  pursue graduate degree specialized areas preparing themselve career teaching research applied anthropology", social science
anthropology, many student enter educational field social service through teaching US abroad joining peace corps working museum archaeological excavations, social science
anthropology, other career law medicine aided by their knowledge anthropological concept cultural diversity human evolution, social science
anthropology, today our current era global economic demand appreciation different cultural perspectives more busines opportunitie open anthropologist, social science
applied mathematics,the applied mathematic  offer another option student quantitative skill interest field outside mathematics, mathematical sciences
applied mathematics, course three discipline mathematics statistics computer information science integrated form coherent undergraduate program, mathematical sciences
applied mathematics,  also include related field economics industrial system engineering geological sciences insurance which quantitative method applied, mathematical sciences
archaeology,thi interdisciplinary  combine faculty resource several department create program study prehistoric historic classical archaeology, social science
archaeology,  gain thorough grounding archaeological method theory including recovery analysis interpretation material remain past culture societies, social science
archaeology," 
            upon graduation many  pursue professional career archaeology which typically require advanced degree", social science
archaeology, many wish pursue field research opportunitie before entering graduate school find employment archaeological resource management growing private industry environmental impact field, social science
archaeology, other find position government agencie museums, social science
archaeology, since archaeology i liberal art  offer unique merger both humanistic scientific thought many  draw upontraining pursuing career medicine law range other fields, social science
architectural engineering,thi  emphasize application scientific engineering principle planning design construction building building systems, engineering
architectural engineering, goal program i provide engineering graduate best education available career building professions, engineering
architectural engineering, graduate will ability practice registered professional engineer variety areas both public private related planning design construction operation building assume place leadership society, engineering
architecture, architecture encompasse making study building environment we inhabit, art architecture 
architecture," 
          concern architecture involve variety area study including art representing built project through drawing computer graphics technology building structure building materials natural mechanical systems history theory art making using understanding building cultural artifact human use practice architecture context urban form busines economics", art architecture 
architecture, bachelor science architecture degree provide instruction history representation design theory technology emphasizing development architecture language form space order, art architecture 
architecture, undergraduate  establishe strong design foundation serve variety career provide flexibility individual opportunitie change, art architecture 
architecture, master' degree architecture i required qualify licensure, art architecture 
art history, painting sculpture building i monument surviving past bearing imprint it creator it time,
art history, art history student learn interpret these monuments discovering their special characteristic value age which they were created,
art history, provide student skill perspective liberal arts think clearly write well find analyze evaluate present fact ideas,
art history,  also develop independent study projects most take several course studio art architectural history,
art history,"
            many  find their humanistic background serve them well discipline law business medicine",
art history, other pursue graduate study prepare themselve career museums art market teaching most often at college level,
studio art, studio art provide instruction visual art by emphasizing development visual awarenes expression through hands-on involvement creative process, art architecture 
studio art,program offer student practical instruction drawing painting sculpture printmaking photography, art architecture 
studio art, course generally increase complexity challenge culminating individual exhibition student' work just before graduation, art architecture 
studio art, after graduating student move graduate work fine arts, art architecture 
studio art, other want pursue graduate work graphic design art therapy museum work medical illustration teaching, art architecture 
art education,thi  will likely offer two options art education schools art education cultural social agencies, education
art education, integral part each option student i basic art studio art history art criticism aesthetic preparation, education
biobehavioral health,thi  provide interdisciplinary training designed integrate biological behavioral social science approache study human health illness, health service sciences
biobehavioral health, emphasi i placed study physical health, health service sciences
biobehavioral health, goal i help student gain working familiarity multiple perspectives approaches method needed addres solve problem human health illness, health service sciences
biobehavioral health, help prepare graduate entry-level job range biomedical health-related areas including role research assistants laboratory managers biomedical product representatives technical support position biomedical health-related fields, health service sciences
biobehavioral health, also will provide excellent preparation advanced study natural social science discipline related professional area epidemiology public health environmental health safety human services, health service sciences
biochemistry,biochemist study molecule found living organism particularly proteins nucleic acids lipids carbohydrates, science
biochemistry, biochemistry  differ chemistry  biochemistry emphasize integration chemical principle into biological processe molecular genetic enzymology, science
biochemistry,  biochemistry prepare student graduate study biochemistry related biological science medical veterinary school entry-level biochemical position industry, science
bioengineering,bioengineering i application engineering principle biology medicine, engineering
bioengineering, graduate  assume position healthcare industry pursue further studie biomedical engineering science graduate school enter medical school, engineering
bioengineering, industrial employment design production product research development technical service sale available at entry level graduates, engineering
bioengineering, unique combination life science engineering prepare graduate assume leadership role development medical device technology, engineering
biology,biology examine fundamental concept nature all aspect living environment molecular level biosphere, science
biology, biology open door many specialized fields including genetics biotechnology environmental biology medicine, science
biology, biology  prepare student further study graduate professional schools also train student career industry education government, science
biophysics,biophysic i approach biology perspective physical sciences, science
biophysics, offer student opportunity obtain interdisciplinary degree growing field i fueling fundamental discoverie biology medicine, science
biophysics, biophysicist concern themselve topic structure-function relation protein nucleic acids photosynthesis biological transport processes sensory systems computer modeling, science
biophysics, their method include laser spectroscopy magnetic resonance x-ray crystallography tunneling microscopy many other novel investigative tools, science
biotechnology,biotechnology broadly defined application principle molecular cell science production biologically -important industrially-useful products, science
biotechnology, student biotechnology  therefore will acquire strong foundation life chemical sciences learn how fundamental science i applied problem through biotechnology develop basic laboratory skills perform standard techniques work state-of-the-art instrumentation describe evaluate analytical methodology used biotechnology become familiar societal concern governmental regulation regarding biotechnology industry, science
business administration and management,businesses large small coming understand new environment rapid change, business
business administration and management, they being challenged take advantage new market greater demand current products, business
business administration and management, their ability adapt rapidly changing environment yield great rewards but it require multifunctional multitasking individual able form develop new businesse comfortably exist within sea change, business
business administration and management,"
            management  emphasi entrepreneurial studie i intended provide current future busines professional necessary skill tool successfully form develop businesses", business
business administration and management, student generally learn personal time work life management skills, business
business administration and management, student will also learn busines leadership skills management skills skill coping rapidly changing environment communication negotiation skills skill asses risk make sound busines decision within unstructured environment, business
business logistics,a supply chain logistic network stretche source raw material point final consumption involve multiple trading partners comprise busines processe acquiring material supplies malting products delivering them customer throughout world, business
business logistics, busines logistic focuse planning coordination product information cash flow along supply chain achieve vision market opportunity i shared by all trading partners, business
business logistics, addition because transportation i one most vital service modern society  give special attention management economic domestic international freight transportation system government policie toward performance systems, business
chemical engineering,chemical engineer proces food we eat fuel we burn purify our water air recover raw material found land oceans and-perhap future-in space, engineering
chemical engineering, they help produce synthetic fiber our clothing medication we need material make up everyday object we use building computer chips, engineering
chemistry,chemistry probe fundamental concept nature help u understand world around us, science
chemistry, it deal all substance at molecular level their composition their properties how they transformed into new substances, science
chemistry, chemistry i central science great importance society, science
chemistry, it provide broad range opportunitie many specialized fields including biotechnology polymer chemistry environmental chemistry material chemistry medicine, science
chemistry, after graduating bachelor' degree many chemistry  graduate professional school pursue advanced degrees, science
chemistry, other graduate find employment industry education government, science
children,career working children served through variety method educator parent, human services
children, one also find career daycare facility caretaker one' own home, human services
children, education varie based career, human services
civil engineering,civil engineer design build maintain infrastructure, engineering
civil engineering, undergraduate degree generally emphasize comprehensive grounding three  facet civil engineering -structural environmental transportation- while stressing fundamental mathematic physical engineering sciences, engineering
civil engineering, because increasing interest rehabilitation replacement nation' infrastructure cleaning up environment job prospect civil engineering graduate excellent, engineering
computer engineering,thi  include coverage breadth depth basic science engineering abstract concept information handling, engineering
computer engineering, student generally prepared career design analysi use hardware software systems, engineering
computer engineering, program i structured ensure graduate clear understanding design application computers well ability applyknowledge throughout their professional careers, engineering
computer science,computer science i primarily concerned analysis design application computing software systems, mathematical sciences
computer science, it include programming languages data structures compilers operating systems data bases artificial intelligence, mathematical sciences
"crime, law, and justice",thi  provide student broadly based liberal education focused understanding analysi crime justice systems, social science
"crime, law, and justice", student obtain foundation knowledge basic component criminal justice legal system well abilitie solve problems think read critically write effectively within context criminal justice criminological research theory, social science
dance,dance i performance-oriented program designed prepare student professionally performers choreographers teachers well prepare them graduate study, health physical education recreation
earth sciences,thi  provide comprehensive program environmental science based strong emphasi earth sciences, environmental resource management
earth sciences, it i especially directed toward study problem arise complex interaction man' technological social activitie natural environment, environmental resource management
earth sciences,"
            graduate demand position government industry consulting", environmental resource management
earth sciences, professional activitie include gathering evaluating data environments management coordination specialized program environmental control modification industrial government planning, environmental resource management
economics,economics' studie how individual make choice face scarcity, business
economics, whether dealing how household determine what good they buy why firm produce certain quantitie good services what force shape aggregate performance economic institutions, business
economics, economic i valuable not only topic it treats but also it rigorou method analysis, business
economics,"
            economic  often attend graduate school law school busines school", business
economics,  choose work immediately upon graduation find employment financial institutions manufacturing corporations consulting firms state federal agencies, business
electrical engineering,electrical engineering i application electrical science technology need society, engineering
electrical engineering, area specialization include antennas communications control systems digital signal processing electronic device fabrication circuit design energy conversion fiber optic lasers image processing microwave radar optical computing power systems remote sensing, engineering
electrical engineering, not only i job market electrical engineer very favorable but opportunitie graduate study abundant, engineering
electrical engineering, moreover rigorou nature curriculum engineering make it excellent preparation advanced study entry into professional career field business law medicine, engineering
elementary and kindergarten education,thi  offer teaching option early childhood education elementary education (kindergarten grade 6), education
engineering science,in engineering science understanding basic engineering practice combined in-depth knowledge fundamental engineering sciences electricity magnetism fluid solid mechanics mathematics computer applications materials thermodynamic heat transfer, mathematical sciences
engineering science, graduate choose pursue graduate study either biomedical engineering medicine career one traditional engineering disciplines, mathematical sciences
english,thi  provide opportunity study human communication artistic expression through literature language writing theory, communication arts
english, english  learn write clearly effectively think critically analytically question work world around them, communication arts
english, while these skill applicable virtually any future career choice most english  apply graduate school law school even medical school, communication arts
english, those not pursue graduate school find study english excellent preparation government service busines careers international agencies publishing journalism secondary school teaching, communication arts
environmental systems engineering,environmental system engineering i interdisciplinary program concerned source cause industrial impact environment choice appropriate remediation strategies, engineering
environmental systems engineering, student enrolled program acquire a) strong foundation mathematic physical engineering sciences b) fundamental background application earth atmospheric science principle proces engineering environmental problem basic industries especially those involved extraction conversion utilization mineral fuels c) ability carry out experiments interpret data apply result design operation engineering systems d) understanding human societal economic issue involved industrial activity environmental protection, engineering
environmental sciences,thi program focuse atmospheric science hydrology geology ecology environmental chemistry land resource analysis, environmental resource management
environmental sciences, interdisciplinary field environmental science also require some knowledge other discipline biology chemistry computer science mathematics economics, environmental resource management
environmental sciences,"
            after graduating  find job consulting government agencies forestry agricultural firms lobbying weather forecasting", environmental resource management
environmental resource management,thi  ha broad foundation communication biological physical social sciences, environmental resource management
environmental resource management, issue associated management sustainability environment also addressed scientific social political perspective, environmental resource management
environmental resource management, course include ecosystem management environmental law pollutant impacts resource economics soil characterization system analysi water management, environmental resource management
environmental resource management, student chose specialize any number area including ecology energy air pollution control environmental education environmental geography environmental health environmental toxicology resource economic policy soil resources water resources, environmental resource management
film and video,thi  i designed serve student whose  interest i art film video practice, art architecture
film and video, it serve student professional objective film television related industries well student planning continue work film video graduate level, art architecture
film and video, course study combine film/video production directing screenwriting history criticism theory, art architecture
finance,the role financial manager include meeting corporate objectives including financial planning control raising investing funds, business
finance, career include corporate finance financial counseling investment management banking, business
food science, food scientist apply principle chemistry physics microbiology food processing preservation product development, food-life science
food science, food science program provide student foundation calculus chemistry physics communications statistics biology, food-life science
food science, coursework generally center around food engineering/processing food chemistry food microbiology food quality, food-life science
forest science,the forest science  i designed help student develop knowledge skills professional ethic understanding managing forest ecosystem living responsible member society, environmental resource management
forest science," 
            forest science  provide education necessary student pursue professional career any one following options forest biology forest management urban forestry watershed management", environmental resource management
forest science, these option also will help prepare student graduate studie continuing professional education, environmental resource management
forest technology,the objective  train forestry field personnel technical aspect evaluating managing protecting forest resources, environmental resource management
forest technology,"
            graduate program employed by businesse including federal state timber management recreation programs urban tree service companies pulp paper manufacturers surveying landscaping firms power companies other businesse requiring personnel skilled field data-gathering analysi presentation", environmental resource management
general science,thi interdisciplinary  aim provide broad general education science, science
general science,"
            student will likely complete some foundation course calculus chemistry physics life sciences", science
general science, many student use prepare graduate school professional schools employment science-related disciplines, science
geography,geographer describe analyze explain pattern physical human phenomena earth' surface, social science
geography, geography i simultaneously environmental science social-behavioral science, social science
geography, help provide grounding analytical technique map reading cartography statistics, social science
geography, substantive course work investigate way people use environmental resource how they arrange themselve their economic social political activitie earth' surface, social science
geography,"
            geography  provide preparation career business industry government", social science
geography, geographer bachelor' degree find placement federal state local administrative planning agencie private firm specialize planning development environmental socioeconomic analysis, social science
geosciences,the geoscience concerned understanding earth processe evolutionary history earth, social science
geosciences, geoscientist work discover develop natural resource groundwater metals energy sources solve technology-generated environmental problem acid mine drainage waste disposal predict geological events occurrence earthquake volcanism solve fundamental question concerning origin evolution earth life, social science
geosciences, bachelor art degree program stresse data collection investigation analysi synthesi information related complex natural problems, social science
geosciences, example these career include environmental law national international planning resource management teaching, social science
graphic design and photography, graphic design help prepare student employment design studios advertising agencies publications film television graphics corporate designers, art architecture
graphic design and photography, photography help prepare student career commercial photography studio fashion product publications industrial architectural corporate photography, art architecture
health and physical education,the purpose physical education health athletic i provide challenging curriculum leading development abilitie conviction student' field concentration, environmental resource management 
health and physical education, student learn develop ability utilize constructively all his/her potential capacitie movement movement education, environmental resource management 
health and physical education, there many concentration areas exercise science/sport medicine wellnes health promotion physical education, environmental resource management 
health policy and administration,thi  help prepare student management policy position graduate study field health care, environmental resource management
health policy and administration, student  develop skill knowledge needed understand complex societal problem providing acces quality health care at reasonable cost, environmental resource management
health policy and administration, student obtain work many health care organization including hospitals physician practices nursing facilities home health agencies health maintenance organizations insurers pharmaceutical companies, environmental resource management
health policy and administration, some graduate find work policy position state federal government trade associations policy research organizations, environmental resource management
health policy and administration, degree also used prepare graduate study business law medicine allied health fields health administration health service research public health, environmental resource management
history,history examine human experience it origin present, social science
history, history countrie europe canada america china japan india africa latin america studied, social science
history, focu placed public event political diplomatic constitutional history examination social cultural economic history subject villages cities witchcraft sex literacy work, social science
history, history  graduate school law school busines school, social science
history, some into work force finding job multinational corporations governmental agencies small businesses, social science
horticulture,from rose turf greenhouse landscape design horticulture diploma program cover everything student need know about producing marketing fruits vegetable ornamentals, environmental resource management
horticulture, horticulture student will combine knowledge latest plant production technique solid foundation management finance, environmental resource management
horticulture, result i responsible entrepreneurship plant management, environmental resource management
"hotel, restaurant, and institutional management",thi  help provide preparation management position hotels restaurants institutions other hospitality organizations, agribusines economics
"hotel, restaurant, and institutional management", program i designed give student broad general education strong management problem solving orientation balanced requisite technical skills all them essential career progression upper-management position hospitality professions, agribusines economics
"hotel, restaurant, and institutional management", program also help prepare student graduate study, agribusines economics
human development and family studies,thi  i multidisciplinary program examine development individual familie acros life span, behavioral science
human development and family studies," 
          it enable student prepare professional managerial scientific role health human service professions public nonprofit agencies busines industry well advanced professional graduate study", behavioral science
human development and family studies, student obtain broad background individual family development acros life span, behavioral science
human development and family studies, there many area interest student select within, behavioral science
human development and family studies, example children youth family service area focuse biological psychological social development infants children adolescents special emphasi structure functioning family, behavioral science
human development and family studies, typical employment setting include preschools daycare centers hospitals institutional community program emotionally disturbed abused neglected children adolescents well variety public welfare family service agencies, behavioral science
individual and family studies,thi i multidisciplinary  those interested helping people counseling understanding human relationships, human services
individual and family studies,  prepare it graduate career working individuals families system human services, human services
industrial engineering,industrial engineering i concerned design analysis operation system ranging single piece equipment large business social environment systems, engineering
industrial engineering, each instance industrial engineer' interest lie modeling system function determining how best achieve objective system, engineering
information sciences and technology,thi  i structured provide student theoretical framework skill set necessary compete productive information technology -intensive global context define new information age, communication arts
information sciences and technology, specifically degree will focused program will build understanding core information technologie related area study will prepare student practical application variou information science related technologies engage student sharpening their abilitie think critically work teams, communication arts
journalism,career include newspaper reporting editing magazine writing broadcast news corporate public relations advertising account services, communication arts
journalism, i based knowledge social professional responsibilitie communicators basic competence journalistic skills, communication arts
kinesiology,the bachelor science program kinesiology prepare individual role sports/health club corporate fitness/exercise center serve background exercise rehabilitation exercise physiology biomechanics social psychology sport motor behavior ergonomics human factors other human performance contexts, health service sciences
kinesiology, kinesiology i appropriate  student seeking career allied health sciences athletic training physical occupational therapy medicine nursing, health service sciences
landscape architecture,thi profession utilize art science technology plan design manage landscapes, art architecture
landscape architecture, landscape architect plan design place residential communities commercial developments corporate institutional centers campuses resorts golf courses parks urban plazas transportation networks waterfront developments, art architecture
law enforcement and correction,basic law enforcement dutie would include investigating criminal activities gathering evidence making arrests, behavioral science
law enforcement and correction, these involve conducting undercover investigations establishing contact informants setting up surveillance cooperating other law enforcement agencies, behavioral science
law enforcement and correction," 
            those interested correctional division law will become responsible overseeing individual been arrested awaiting trial been convicted crime sentenced serve time jail reformatory penitentiary", behavioral science
law enforcement and correction, they maintain security inmate accountability order prevent disturbances assaults escapes, behavioral science
law enforcement and correction, officer no law enforcement responsibilitie outside institution where they work, behavioral science
marine biology,the marine biology  provide student interest marine biology biological oceanography marine sciences marine ecology general biology aquatic life opportunity gain general background inarea while ensuring fundamental grounding biology discipline, science
marine biology, marine biology  i designed introduce student marine organism chemical physical processe affect these organisms, science
marine biology, emphasi i basic principle aid understanding processe shape life marine environments, science
marine biology, marine biology  i demanding program require several more course than general biology  student opt general biology  still follow marine biology concentration, science
marine biology," 
            student graduating  marine biology good academic foundation career marine botany chemistry geology mammal behavior zoology medicine", science
marketing,every busines organization must answer basic marketing question what product make service provide how distribute what price charge how communicate merit product service, business
marketing,area concentration will prove useful sales advertising promotion bank marketing research product management retailing client relations, business
mathematics,mathematic today i vibrant dynamic field manifesting itself familiar thing cat scans compact discs satellite communication, mathematical sciences
mathematics, accordingly mathematic program i broad varied studie calculus finite actuarial science algebra, mathematical sciences
mathematics,"
            after graduating  successfully pursue variety careers working industry insurance (a actuaries) government finance other fields", mathematical sciences
mathematics, many graduate attend professional school law medicine business, mathematical sciences
mathematics, other directly into teaching still other graduate program mathematics applied mathematics engineering economics computer science, mathematical sciences
mechanical engineering,mechanical engineering offer career opportunitie industry business government academic world, engineering
mechanical engineering, most mechanical engineer manufacture develop device machinery including engines ga turbines automobiles heat exchanger electronic equipment some serve consultant area air conditioning environmental control still other work interdisciplinary area law medicine oceanography space science software development, engineering
media studies,the media studie  prepare student graduate work social sciences humanities law well career media writing reporting editing design, communication arts
media studies,  generally focuse media theory history policies institutions culture, communication arts
meteorology,meteorology i devoted attainment increased understanding atmosphere development method applying knowledge practical problems, science
meteorology, althoughfield i usually associated weather prediction it also ha significance environmental energy agricultural oceanic hydrological sciences, science
meteorology,"
            graduating meteorologist prepared professional employment industry private consulting firms government armed force further study toward graduate degree normally required research university management positions", science
microbiology,the field microbiology embrace many area fundamental applied research, science
microbiology, these include basic role microbes bacteria fungi viruses basic biological mechanism involving microorganism dna replication regulation protein synthesis, science
microbiology, microbiologist study fundamental issue human animal disease mechanism viral bacteriological infection immunity autoimmune disease viral-induced cancer, science
mineral economics,the field energy environmental mineral economic combine training economics physical sciences management sciences quantitative methods core course centering energy environmental mineral material industries, agribusines economics
mineral economics, field help prepare student career industry government financial institutions nonprofit research groups international organization dealing mineral resource problems, agribusines economics
mineral economics, curriculum also provide strong base further graduate study business economics law social sciences environmental sciences, agribusines economics
modern languages,the study language literature culture france spain italy asia germany russia offered at most universities, communication arts
modern languages, degree specific language lead career educational governmental international institutions, communication arts
music education,student successfully complete instrumental/general music education concentration will meet licensure requirement teach band orchestra general classroom music, education
music education, one could also apply choral/general music education concentration which i designed student ing voice piano organ classical guitar want teach choral classroom music elementary secondary schools, education
nuclear engineering,nuclear engineering practical application principle nuclear science benefit humankind provide engineer scientist opportunity work challenging problem vitally important modern world, engineering
nuclear engineering, goal many nuclear engineering program i provide student strong academic background enable them pursue professional career nuclear radiation-based industries pursue graduate study nuclear engineering related field medical physics health physics another field engineering, engineering
nuclear engineering,"
            graduate hired by electric power companie use nuclear power plants by companie help service 
            maintain those plants", engineering
nuclear engineering, they use their knowledge engineering principles radioactive decay interaction radiation matter nuclear reactor behavior help assure power plant meet demand reliable economic electricity while ensuring safe environment, engineering
nuclear engineering, other graduate work industrie use radioactivity radiation detect problem monitor processes, engineering
nuclear engineering, job also found branche government designer next generation reactor submarines aircraft carriers space probes manage clean up contaminated wastes, engineering
nuclear engineering, they could also involved regulation nuclear power radiation uses research develop advanced technologie will used next-generation power plants, engineering
nuclear engineering, graduate want further their education field health physics radiation biology nuclear medical application finddegree useful preparation, engineering
nursing,nursing educate student theoretically based nursing care emphasi clinical competence leadership skills critical evaluation, food-life science
nursing, ideally nursing program prepare student skilled clinician think critically analytically they encounter patient need health care issues, food-life science
nursing, coursework cover concept nursing health family ethics leadership teaching learning research, food-life science
nursing, coursework also cover physical assessment interpersonal communication professional leadership issues research methods health care delivery systems, food-life science
nutrition,the nutrition  explore how nutrient food which they derived aid body health growth development, food-life science
nutrition, given national international concern how food nutrition affect health disease there many career opportunitie registered dietitian nutritionists, food-life science
philosophy,thi program offer analysi critique fundamental belief favored method art sciences, social science
philosophy, main area philosophy metaphysics epistemology ethics logic aesthetics philosophy science philosophy religion political philosophy philosophy mathematics philosophy language philosophy law, social science
philosophy, skill developed philosophy important acros wide variety other subjects they also vital society since ability form one' own view reasoned rigorou manner form foundation democracy, social science
philosophy, philosophy  often pursue graduate work some attend law medical school, social science
physics,physic studie fundamental propertie interaction all form matter, mathematical sciences
physics, experimental theoretical investigation combined formulate mathematical relationship describe predict behavior nature, mathematical sciences
physics, physic undergraduate program prepare student employment industrial governmental laboratory, mathematical sciences
physics, program also prepare student further study at graduate professional school physics engineering biophysics medicine education law business, mathematical sciences
physiology,thi program concentrate understanding function human body individual cell organ systems, science
physiology, it require applying principle variety physical biological sciences, science
physiology, i particularly appropriate student intend enter medical school graduate school study any variety biological biomedical sciences, science
political science, political scientist study topic exercise power influence source resolution conflicts relation politic economy culture other aspect society adoption implementation public policies development political systems, social science
political science, these topic studied at all levels local communitie global community, social science
political science, addition undergraduate choose several optional concentrations busines politics campaign elections citizenship civic action global politics law politics democratization development political psychology beliefs behavior public affairs, social science
political science," 
            program attract creative independent student strong interest politic society", social science
political science, graduate attain job governmental business legal fields, social science
pre-medicine,thi  provide broad foundation necessary understanding basic subject modern medical studies, science
pre-medicine, curriculum which offer good balance between science non-science courses constitute excellent preparation admission medical school, science
psychology,psychology examine human behavior through environmental genetic physiological social determinant correlates, behavioral science
psychology, becoming professional psychologist require postgraduate training one many areas, behavioral science
psychology, person interested any traditional research areas-cognitive developmental psychobiology quantitative social psychology- usually pursue doctoral degree, behavioral science
psychology, career applied areas-clinical community industrial organizational counseling educational psychology- usually possible at master' doctoral level, behavioral science
psychology,  not pursue graduate degree psychology often enter job market human service position requiring general liberal art degree, behavioral science
psychology, psychology i also entry degree graduate program social work education medicine law, behavioral science
public relations,the public relation  seek acquaint student role function public relation building cooperative mutually beneficial relation between organization their constituent publics, communication arts
public relations,option help prepare student career public relation organizations institutions companie where they will contribute planning development execution information communication activitie organizations, communication arts
real estate,thi  i designed prepare student wide range professional opportunitie corporate real estate management real estate brokerage appraisal property management mortgage lending banking development governmental service, business
recreation and parks,the undergraduate program recreation park leisure studie prepare student assume leadership supervisory beginning administrative responsibilitie variou park recreation leisure service agencie therapeutic recreation certification practice,  environmental resource management
recreation and parks, program also prepare student graduate study outdoor recreation/education park recreation administration therapeutic recreation,  environmental resource management
rehabilitation services,thi  help prepare student entry-level position variety human service settings especially person physical emotional mental disabilities, human services
rehabilitation services,"
            student enter employment variety setting including rehabilitation centers sheltered workshops drug alcohol programs senior citizen centers community mental health mental retardation programs correction systems hospitals", human services
rehabilitation services,"
            increasing opportunitie available private for-profit insurance program industrially injured rapidly emerging employee assistance program within busines industry", human services
religious studies,religiou studies' i multidisciplinary program attempt define interpret dimension human culture experience commonly regarded religious, social science
religious studies,  religiou tradition human history- buddhism christianity hinduism islam judaism- generally studied, social science
secondary education, following teaching option available  secondary education bilingual education biological science chemistry earth space science english/communication french german latin mathematics physics russian social studies spanish, education
secondary education, secondary education  help prepare student teaching position other employment field related their content specialties, education
sociology,a  sociology i designed provide undergraduate broad systematic understanding society, behavioral science
sociology, sociology examine stability change social life by addressing underlying pattern social relation formal organizations legal institutions family economy political arena, behavioral science
sociology, graduate find work banks retail firms publishers hospitals federal agencies social service organizations market research firms, behavioral science
sociology, some chose enter graduate study law business social work public administration health administration, behavioral science
social work,social work i profession committed development full potential individuals group communities, human service
social work, profession recognize there personal structural barrier create maintain distress injustice inequality prevent achievement full potential, human service
social work, social work confront disadvantage distres by striving enable individuals group communitie achieve power over resources information relationship decision-making, human service
social work, social work practice i action taken by professional social worker pursuit goal empowerment, human service
social work, practice i informed by professional education based analysi social processe human behavior, human service
social work," 
            graduate find employment wide range setting including federal state local government hospitals large small non-government agencies community health rehabilitation center mental health agencies", human service
social work, these agencie graduate pursue their profession variety specialist area as social casework counseling case management disability support child family intervention policy research mediation dispute resolution, human service
special education,a career special education i designed enhance capacity society accommodate fully include person individual differences, education
special education, focuse teaching principle methodologies classroom behavioral management development teaching material children youth mild moderate severe disabilities, education
special education, career option include teachers educators counselors educational leaders rehabilitation professionals researchers, education
speech communication,the program examine human communication using both humanistic social scientific methods, communication arts
speech communication, field study include speechmaking rhetorical criticism ethics interpersonal small group organizational intercultural electronic (broadcasting cable satellite internet) form communication, communication arts
speech pathology and audiology/communication disorder,thi  offer comprehensive program study preparing student want become speech-language pathologist audiologists, human service
speech pathology and audiology/communication disorder, student learn develop fundamental knowledge skills attitude required habilitating rehabilitating person all age wide range speech language hearing problems, human service
statistics,statistic provide logical framework collection analysis interpretation data, mathematical sciences
statistics,data used draw inference scientific studie make decision industrial business governmental enterprises, mathematical sciences
telecommunications,the primary goal i prepare student administrative career electronic media, communication arts
telecommunications, it professional emphasi i management public policy telecommunications, communication arts
telecommunications, telecommunication provide course work student interested television production perspective production management administration, communication arts
telecommunications,  also serve student seeking greater understanding social role social control broadcasting cable industries, communication arts
telecommunications," 
            telecommunication i especially designed student considering career local cable system operation local radio television station administration television network cable mso operations corporate video local federal public policy positions emerging media industries", communication arts
theater,the theater art program offer study art form both theoretical historical context practice live dramatic performance, communication arts
theater, course offering generally include theater history dramatic literature acting movement voice directing design technology scenery costume lighting makeup sound management, communication arts
wildlife and fishery science,thi  provide integrated program study undergraduate student primarily interested conservation management wildlife specie their environments, science
wildlife and fishery science, graduate pursue graduate-level training wildlife fisherie sciences career wildlife fisherie management research information education, science
wildlife technology,the wildlife technology  help prepare student technique wildlife management, environmental resource management
wildlife technology, personnel trained infield needed assist applied phase natural resource management wildlife biology range management care maintenance propagation animals, environmental resource management
wildlife technology, graduate should able support professional wildlife biology park managers game refuge managers laboratory technician research, environmental resource management
women's studies, women' studies' i interdisciplinary program seek study history culture women' perspective deepen method academic pursuit by acknowledging critical place gender, social science
women's studies, women' studie encourage reexamination traditional method concepts support new kind research allow student better understand changing role behavior men women contemporary world, social science
nothing,                                                                  
